{
  "emre2821/06_Projects/pr/56": {
    "last_attempt": 1764358790.49127
  },
  "emre2821/06_Projects/pr/55": {
    "last_attempt": 1764370245.937883
  },
  "emre2821/06_Projects/pr/54": {
    "last_attempt": 1764370256.8890998
  },
  "emre2821/AI-Project-Main/pr/32": {
    "last_attempt": 1764370813.8770475
  },
  "emre2821/AI-Project-Main/pr/33": {
    "last_attempt": 1764370943.2404292
  },
  "emre2821/AI-Project-Main/pr/31": {
    "last_attempt": 1764370627.3930073
  },
  "emre2821/AI-Project-Main/pr/30": {
    "last_attempt": 1764370507.6564257
  },
  "emre2821/AI-Project-Main/pr/29": {
    "last_attempt": 1764370389.0749505
  },
  "emre2821/AI-Project-Main/pr/28": {
    "last_attempt": 1764370272.8317587
  },
  "emre2821/AI-Project-Main/pr/23": {
    "last_attempt": 1764359801.10464
  },
  "emre2821/Alter_Ego/pr/85": {
    "last_attempt": 1764359115.0677223
  },
  "emre2821/Alter_Ego/pr/84": {
    "last_attempt": 1764359121.9500785
  },
  "emre2821/Alter_Ego/pr/82": {
    "last_attempt": 1764371069.5338233
  },
  "emre2821/Alter_Ego/pr/81": {
    "last_attempt": 1764371078.4553585
  },
  "emre2821/Alter_Ego/pr/80": {
    "last_attempt": 1764371087.0241523
  },
  "emre2821/Alter_Ego/pr/79": {
    "last_attempt": 1764364871.19443
  },
  "emre2821/Alter_Ego/pr/78": {
    "last_attempt": 1764359797.7309122
  },
  "emre2821/Alter_Ego/pr/83": {
    "last_attempt": 1764359145.0749054
  },
  "emre2821/android-agent-spark/pr/105": {
    "last_attempt": 1764359157.560139
  },
  "emre2821/android-agent-spark/pr/104": {
    "last_attempt": 1764359164.4386652
  },
  "emre2821/android-agent-spark/pr/103": {
    "last_attempt": 1764359171.3613358
  },
  "emre2821/android-agent-spark/pr/101": {
    "last_attempt": 1764359179.9604418
  },
  "emre2821/android-agent-spark/pr/102": {
    "last_attempt": 1764359186.6983073
  },
  "emre2821/Eden_Music_Scene/pr/77": {
    "last_attempt": 1764371105.9999216
  },
  "emre2821/Eden_Music_Scene/pr/78": {
    "last_attempt": 1764371116.1918623
  },
  "emre2821/Eden_Music_Scene/pr/76": {
    "last_attempt": 1764371126.2031584
  },
  "emre2821/Eden_Music_Scene/pr/75": {
    "last_attempt": 1764371136.1059039
  },
  "emre2821/Eden_Music_Scene/pr/74": {
    "last_attempt": 1764371146.0072925
  },
  "emre2821/SONGFORGE_AI/pr/48": {
    "last_attempt": 1764371161.3540533
  },
  "emre2821/SONGFORGE_AI/pr/47": {
    "last_attempt": 1764371172.1261892
  },
  "emre2821/SONGFORGE_AI/pr/45": {
    "last_attempt": 1764359300.8840296
  }
}